date,sentiment,sentiment_dict
1996-10-30,0.02888120710849762,"{'positive': 0.1624157875776291, 'negative': 0.13353458046913147, 'neutral': 0.7040496468544006}"
1996-12-04,-0.5883978083729744,"{'positive': 0.07799529284238815, 'negative': 0.6663931012153625, 'neutral': 0.2556116282939911}"
1997-01-22,0.12366322427988052,"{'positive': 0.17666494846343994, 'negative': 0.05300172418355942, 'neutral': 0.7703333497047424}"
1997-03-12,-0.7284629829227924,"{'positive': 0.02856595441699028, 'negative': 0.7570289373397827, 'neutral': 0.2144051194190979}"
1997-05-07,-0.035629674792289734,"{'positive': 0.16252721846103668, 'negative': 0.19815689325332642, 'neutral': 0.6393158435821533}"
1997-06-18,-0.4426548555493355,"{'positive': 0.07242070883512497, 'negative': 0.5150755643844604, 'neutral': 0.41250374913215637}"
1997-08-06,-0.1640978455543518,"{'positive': 0.16622978448867798, 'negative': 0.3303276300430298, 'neutral': 0.5034425258636475}"
1997-09-17,-0.03736665099859238,"{'positive': 0.10658543556928635, 'negative': 0.14395208656787872, 'neutral': 0.7494624257087708}"
1997-10-29,0.12366322427988052,"{'positive': 0.17666494846343994, 'negative': 0.05300172418355942, 'neutral': 0.7703333497047424}"
1997-12-03,-0.3234657943248749,"{'positive': 0.09191548824310303, 'negative': 0.4153812825679779, 'neutral': 0.49270325899124146}"
1998-01-21,-0.3215555027127266,"{'positive': 0.1152997836470604, 'negative': 0.436855286359787, 'neutral': 0.4478450119495392}"
1998-03-18,-0.02632509171962738,"{'positive': 0.14711374044418335, 'negative': 0.17343883216381073, 'neutral': 0.6794474720954895}"
1998-05-06,0.03296273946762085,"{'positive': 0.30454903841018677, 'negative': 0.2715862989425659, 'neutral': 0.4238646626472473}"
1998-06-17,0.08975283801555634,"{'positive': 0.15475662052631378, 'negative': 0.06500378251075745, 'neutral': 0.7802395820617676}"
1998-08-05,0.06471389532089233,"{'positive': 0.1910056322813034, 'negative': 0.12629173696041107, 'neutral': 0.6827026605606079}"
1998-09-16,-0.30674073100090027,"{'positive': 0.117715984582901, 'negative': 0.42445671558380127, 'neutral': 0.4578273296356201}"
1998-11-04,-0.022476881742477417,"{'positive': 0.12981553375720978, 'negative': 0.1522924154996872, 'neutral': 0.7178921103477478}"
1998-12-09,-0.35229914635419846,"{'positive': 0.09866345673799515, 'negative': 0.4509626030921936, 'neutral': 0.45037388801574707}"
1999-01-20,-0.09418930113315582,"{'positive': 0.07621769607067108, 'negative': 0.1704069972038269, 'neutral': 0.7533752918243408}"
1999-03-17,0.11450280249118805,"{'positive': 0.2964669167995453, 'negative': 0.18196411430835724, 'neutral': 0.521569013595581}"
1999-05-05,-0.007528260350227356,"{'positive': 0.19071190059185028, 'negative': 0.19824016094207764, 'neutral': 0.6110479235649109}"
1999-06-16,0.05199892073869705,"{'positive': 0.1452351063489914, 'negative': 0.09323618561029434, 'neutral': 0.7615287899971008}"
1999-08-11,-0.06833487749099731,"{'positive': 0.09946353733539581, 'negative': 0.16779841482639313, 'neutral': 0.7327380776405334}"
1999-09-22,-0.08577246963977814,"{'positive': 0.1314575970172882, 'negative': 0.21723006665706635, 'neutral': 0.6513124108314514}"
1999-11-03,-0.4308851510286331,"{'positive': 0.05771125853061676, 'negative': 0.4885964095592499, 'neutral': 0.45369237661361694}"
1999-12-08,-0.028100699186325073,"{'positive': 0.14563798904418945, 'negative': 0.17373868823051453, 'neutral': 0.6806233525276184}"
2000-01-19,-0.04485184699296951,"{'positive': 0.11562217026948929, 'negative': 0.1604740172624588, 'neutral': 0.7239038348197937}"
2000-03-08,0.009996548295021057,"{'positive': 0.0961153656244278, 'negative': 0.08611881732940674, 'neutral': 0.8177657723426819}"
2000-05-03,0.09249851852655411,"{'positive': 0.17901264131069183, 'negative': 0.08651412278413773, 'neutral': 0.7344732284545898}"
2000-06-14,-0.21936900913715363,"{'positive': 0.08509434759616852, 'negative': 0.30446335673332214, 'neutral': 0.6104423403739929}"
2000-08-09,-0.37456293404102325,"{'positive': 0.13055752217769623, 'negative': 0.5051204562187195, 'neutral': 0.3643220365047455}"
2000-09-20,0.08716835081577301,"{'positive': 0.23766905069351196, 'negative': 0.15050069987773895, 'neutral': 0.6118302941322327}"
2000-11-01,0.05332387983798981,"{'positive': 0.19625210762023926, 'negative': 0.14292822778224945, 'neutral': 0.6608195900917053}"
2000-12-06,-0.19623054563999176,"{'positive': 0.0976492315530777, 'negative': 0.29387977719306946, 'neutral': 0.6084709763526917}"
2001-01-17,-0.5826172381639481,"{'positive': 0.06734262406826019, 'negative': 0.6499598622322083, 'neutral': 0.28269752860069275}"
2001-03-07,-0.6890796646475792,"{'positive': 0.07127765566110611, 'negative': 0.7603573203086853, 'neutral': 0.1683649867773056}"
2001-05-02,-0.7850837148725986,"{'positive': 0.03220462426543236, 'negative': 0.817288339138031, 'neutral': 0.15050704777240753}"
2001-06-13,-0.5385054014623165,"{'positive': 0.059032414108514786, 'negative': 0.5975378155708313, 'neutral': 0.3434297740459442}"
2001-08-08,-0.7277378179132938,"{'positive': 0.03741356357932091, 'negative': 0.7651513814926147, 'neutral': 0.19743503630161285}"
2001-09-19,-0.33034610003232956,"{'positive': 0.08467946201562881, 'negative': 0.4150255620479584, 'neutral': 0.5002949833869934}"
2001-10-24,-0.669952031224966,"{'positive': 0.04716039076447487, 'negative': 0.7171124219894409, 'neutral': 0.2357272058725357}"
2001-11-28,-0.6126496866345406,"{'positive': 0.07085984200239182, 'negative': 0.6835095286369324, 'neutral': 0.24563059210777283}"
2002-01-16,-0.7887771539390087,"{'positive': 0.03717680647969246, 'negative': 0.8259539604187012, 'neutral': 0.13686920702457428}"
2002-03-06,-0.7044256627559662,"{'positive': 0.05507972836494446, 'negative': 0.7595053911209106, 'neutral': 0.1854148805141449}"
2002-04-24,-0.21361558139324188,"{'positive': 0.17147128283977509, 'negative': 0.38508686423301697, 'neutral': 0.44344183802604675}"
2002-06-12,-0.11927241086959839,"{'positive': 0.19111964106559753, 'negative': 0.3103920519351959, 'neutral': 0.49848824739456177}"
2002-07-31,-0.360542893409729,"{'positive': 0.1339946687221527, 'negative': 0.4945375621318817, 'neutral': 0.37146779894828796}"
2002-09-11,-0.31820718199014664,"{'positive': 0.10720982402563095, 'negative': 0.4254170060157776, 'neutral': 0.46737316250801086}"
2002-10-23,-0.3917240649461746,"{'positive': 0.10482354462146759, 'negative': 0.4965476095676422, 'neutral': 0.3986288011074066}"
2002-11-27,-0.5206688940525055,"{'positive': 0.05100443959236145, 'negative': 0.5716733336448669, 'neutral': 0.3773222267627716}"
2003-01-15,-0.4593949168920517,"{'positive': 0.091474249958992, 'negative': 0.5508691668510437, 'neutral': 0.3576566278934479}"
2003-03-05,-0.6377105079591274,"{'positive': 0.036115292459726334, 'negative': 0.6738258004188538, 'neutral': 0.2900589406490326}"
2003-04-23,-0.5646593943238258,"{'positive': 0.07880821079015732, 'negative': 0.6434676051139832, 'neutral': 0.2777242064476013}"
2003-06-11,-0.20407231897115707,"{'positive': 0.101942278444767, 'negative': 0.3060145974159241, 'neutral': 0.5920431613922119}"
2003-07-30,0.022379934787750244,"{'positive': 0.20150502026081085, 'negative': 0.1791250854730606, 'neutral': 0.6193698644638062}"
2003-10-15,-0.13638454675674438,"{'positive': 0.13050639629364014, 'negative': 0.2668909430503845, 'neutral': 0.6026027202606201}"
2003-11-26,0.15221401304006577,"{'positive': 0.2663024663925171, 'negative': 0.11408845335245132, 'neutral': 0.6196091175079346}"
2004-01-14,-0.018998563289642334,"{'positive': 0.16384732723236084, 'negative': 0.18284589052200317, 'neutral': 0.653306782245636}"
2004-03-03,-0.014928534626960754,"{'positive': 0.16607584059238434, 'negative': 0.1810043752193451, 'neutral': 0.6529198288917542}"
2004-04-21,0.1114480197429657,"{'positive': 0.19531011581420898, 'negative': 0.08386209607124329, 'neutral': 0.7208277583122253}"
2004-06-16,0.037178121507167816,"{'positive': 0.15096452832221985, 'negative': 0.11378640681505203, 'neutral': 0.7352490425109863}"
2004-07-28,-0.10763821005821228,"{'positive': 0.16593441367149353, 'negative': 0.2735726237297058, 'neutral': 0.560492992401123}"
2004-09-08,0.025635138154029846,"{'positive': 0.2136785238981247, 'negative': 0.18804338574409485, 'neutral': 0.5982781052589417}"
2004-10-27,0.07085946947336197,"{'positive': 0.1746169924736023, 'negative': 0.10375752300024033, 'neutral': 0.7216255068778992}"
2004-12-01,-0.09967581927776337,"{'positive': 0.16199631989002228, 'negative': 0.26167213916778564, 'neutral': 0.5763315558433533}"
2005-01-19,0.19473498314619064,"{'positive': 0.2940591275691986, 'negative': 0.09932414442300797, 'neutral': 0.6066166758537292}"
2005-03-09,0.1764533966779709,"{'positive': 0.30929845571517944, 'negative': 0.13284505903720856, 'neutral': 0.5578564405441284}"
2005-04-20,0.1850801631808281,"{'positive': 0.26843762397766113, 'negative': 0.08335746079683304, 'neutral': 0.6482049226760864}"
2005-06-15,0.16156525909900665,"{'positive': 0.2575716972351074, 'negative': 0.09600643813610077, 'neutral': 0.6464217901229858}"
2005-07-27,0.1886047199368477,"{'positive': 0.30055466294288635, 'negative': 0.11194994300603867, 'neutral': 0.5874954462051392}"
2005-09-07,0.04329589009284973,"{'positive': 0.1795123815536499, 'negative': 0.13621649146080017, 'neutral': 0.6842711567878723}"
2005-10-19,-0.008004605770111084,"{'positive': 0.1958199143409729, 'negative': 0.20382452011108398, 'neutral': 0.6003556251525879}"
2005-11-30,-0.08624152839183807,"{'positive': 0.24206991493701935, 'negative': 0.3283114433288574, 'neutral': 0.42961862683296204}"
2006-01-18,0.07057813555002213,"{'positive': 0.1897491067647934, 'negative': 0.11917097121477127, 'neutral': 0.6910799145698547}"
2006-03-15,0.15127525478601456,"{'positive': 0.21109478175640106, 'negative': 0.059819526970386505, 'neutral': 0.7290857434272766}"
2006-04-26,0.061258964240550995,"{'positive': 0.15708798170089722, 'negative': 0.09582901746034622, 'neutral': 0.7470830082893372}"
2006-06-14,-0.11938696354627609,"{'positive': 0.10630545765161514, 'negative': 0.22569242119789124, 'neutral': 0.6680020689964294}"
2006-07-26,-0.009052492678165436,"{'positive': 0.11774563044309616, 'negative': 0.1267981231212616, 'neutral': 0.755456268787384}"
2006-09-06,-0.44522062689065933,"{'positive': 0.10329236835241318, 'negative': 0.5485129952430725, 'neutral': 0.34819459915161133}"
2006-10-12,0.15057142078876495,"{'positive': 0.3254331052303314, 'negative': 0.17486168444156647, 'neutral': 0.4997052550315857}"
2006-11-29,0.14550121128559113,"{'positive': 0.279060959815979, 'negative': 0.13355974853038788, 'neutral': 0.5873792767524719}"
2007-01-17,0.0425238162279129,"{'positive': 0.1387788951396942, 'negative': 0.09625507891178131, 'neutral': 0.7649660110473633}"
2007-03-07,-0.014321759343147278,"{'positive': 0.15146081149578094, 'negative': 0.16578257083892822, 'neutral': 0.6827566027641296}"
2007-04-25,-0.44068901240825653,"{'positive': 0.1475011259317398, 'negative': 0.5881901383399963, 'neutral': 0.26430872082710266}"
2007-06-13,0.025370582938194275,"{'positive': 0.12644030153751373, 'negative': 0.10106971859931946, 'neutral': 0.7724900245666504}"
2007-07-25,0.07175713032484055,"{'positive': 0.19348308444023132, 'negative': 0.12172595411539078, 'neutral': 0.6847909688949585}"
2007-09-05,-0.1534879431128502,"{'positive': 0.1053653135895729, 'negative': 0.2588532567024231, 'neutral': 0.6357814073562622}"
2007-10-17,-0.4841853752732277,"{'positive': 0.08646812289953232, 'negative': 0.57065349817276, 'neutral': 0.3428783714771271}"
2007-11-28,-0.10026673227548599,"{'positive': 0.10699958354234695, 'negative': 0.20726631581783295, 'neutral': 0.6857340931892395}"
2008-01-16,-0.013788849115371704,"{'positive': 0.23738455772399902, 'negative': 0.2511734068393707, 'neutral': 0.5114420056343079}"
2008-03-05,-0.7045675590634346,"{'positive': 0.0668145939707756, 'negative': 0.7713821530342102, 'neutral': 0.16180327534675598}"
2008-04-16,-0.7542095258831978,"{'positive': 0.042108289897441864, 'negative': 0.7963178157806396, 'neutral': 0.16157391667366028}"
2008-06-11,-0.8144680745899677,"{'positive': 0.024672340601682663, 'negative': 0.8391404151916504, 'neutral': 0.13618728518486023}"
2008-07-23,-0.40856558084487915,"{'positive': 0.07930377125740051, 'negative': 0.48786935210227966, 'neutral': 0.4328268766403198}"
2008-09-03,-0.6450081914663315,"{'positive': 0.05883319675922394, 'negative': 0.7038413882255554, 'neutral': 0.23732540011405945}"
2008-10-15,-0.849442346021533,"{'positive': 0.03052343614399433, 'negative': 0.8799657821655273, 'neutral': 0.08951080590486526}"
2008-12-03,-0.9047333840280771,"{'positive': 0.01546475850045681, 'negative': 0.9201981425285339, 'neutral': 0.06433717161417007}"
2009-01-14,-0.9212989872321486,"{'positive': 0.011276536621153355, 'negative': 0.932575523853302, 'neutral': 0.05614795535802841}"
2009-03-04,-0.8696457874029875,"{'positive': 0.019423114135861397, 'negative': 0.8890689015388489, 'neutral': 0.09150803834199905}"
2009-04-15,-0.8106805570423603,"{'positive': 0.04282642528414726, 'negative': 0.8535069823265076, 'neutral': 0.10366664081811905}"
2009-06-10,-0.8267256654798985,"{'positive': 0.03888117894530296, 'negative': 0.8656068444252014, 'neutral': 0.09551196545362473}"
2009-07-29,-0.60255491361022,"{'positive': 0.050671402364969254, 'negative': 0.6532263159751892, 'neutral': 0.296102374792099}"
2009-09-09,-0.497429046779871,"{'positive': 0.049605634063482285, 'negative': 0.5470346808433533, 'neutral': 0.40335968136787415}"
2009-10-21,-0.5802144929766655,"{'positive': 0.06027770787477493, 'negative': 0.6404922008514404, 'neutral': 0.29923000931739807}"
2009-12-02,-0.21662230789661407,"{'positive': 0.22901339828968048, 'negative': 0.44563570618629456, 'neutral': 0.32535091042518616}"
2010-01-13,-0.20824068784713745,"{'positive': 0.1492966115474701, 'negative': 0.35753729939460754, 'neutral': 0.49316608905792236}"
2010-03-03,-0.2618836462497711,"{'positive': 0.1325194537639618, 'negative': 0.3944031000137329, 'neutral': 0.4730774164199829}"
2010-04-14,-0.05404898524284363,"{'positive': 0.1570514291524887, 'negative': 0.21110041439533234, 'neutral': 0.631848156452179}"
2010-06-09,0.1645289957523346,"{'positive': 0.32658007740974426, 'negative': 0.16205108165740967, 'neutral': 0.5113689303398132}"
2010-07-28,-0.5924799293279648,"{'positive': 0.09446080029010773, 'negative': 0.6869407296180725, 'neutral': 0.21859851479530334}"
2010-09-08,0.011364668607711792,"{'positive': 0.17869220674037933, 'negative': 0.16732753813266754, 'neutral': 0.6539802551269531}"
2010-10-20,-0.009169027209281921,"{'positive': 0.24416150152683258, 'negative': 0.2533305287361145, 'neutral': 0.5025080442428589}"
2010-12-01,-0.21010148525238037,"{'positive': 0.1959860920906067, 'negative': 0.40608757734298706, 'neutral': 0.397926390171051}"
2011-01-01,0.02382078766822815,"{'positive': 0.22787226736545563, 'negative': 0.20405147969722748, 'neutral': 0.5680762529373169}"
2011-04-01,-0.5586243942379951,"{'positive': 0.08524959534406662, 'negative': 0.6438739895820618, 'neutral': 0.2708764672279358}"
2011-06-01,-0.10434238612651825,"{'positive': 0.17392228543758392, 'negative': 0.2782646715641022, 'neutral': 0.5478130578994751}"
2011-07-01,-0.09672977030277252,"{'positive': 0.1314658224582672, 'negative': 0.22819559276103973, 'neutral': 0.6403385400772095}"
2011-09-01,-0.3886130005121231,"{'positive': 0.13454751670360565, 'negative': 0.5231605172157288, 'neutral': 0.34229201078414917}"
2011-10-01,-0.1921907663345337,"{'positive': 0.1423633098602295, 'negative': 0.3345540761947632, 'neutral': 0.5230826139450073}"
2011-11-01,0.08571776747703552,"{'positive': 0.3083047568798065, 'negative': 0.222586989402771, 'neutral': 0.46910831332206726}"
2012-01-01,0.13455591350793839,"{'positive': 0.24650801718235016, 'negative': 0.11195210367441177, 'neutral': 0.6415399312973022}"
2012-02-01,0.30159129202365875,"{'positive': 0.4207255244255066, 'negative': 0.11913423240184784, 'neutral': 0.46014025807380676}"
2012-06-01,-0.0264061838388443,"{'positive': 0.1711355596780777, 'negative': 0.197541743516922, 'neutral': 0.6313226819038391}"
2012-07-01,0.033774182200431824,"{'positive': 0.16203664243221283, 'negative': 0.128262460231781, 'neutral': 0.709700882434845}"
2012-08-01,-0.13882987201213837,"{'positive': 0.08854535222053528, 'negative': 0.22737522423267365, 'neutral': 0.6840793490409851}"
2012-10-01,0.03584086894989014,"{'positive': 0.19801487028598785, 'negative': 0.16217400133609772, 'neutral': 0.639811098575592}"
2012-11-01,-0.24035735428333282,"{'positive': 0.07421456277370453, 'negative': 0.31457191705703735, 'neutral': 0.6112135052680969}"
2013-01-01,0.018792003393173218,"{'positive': 0.22261588275432587, 'negative': 0.20382387936115265, 'neutral': 0.5735601782798767}"
2013-03-01,0.04299335181713104,"{'positive': 0.16350077092647552, 'negative': 0.12050741910934448, 'neutral': 0.7159917950630188}"
2013-04-01,0.09271308779716492,"{'positive': 0.18694661557674408, 'negative': 0.09423352777957916, 'neutral': 0.7188199162483215}"
2013-06-01,0.10278883576393127,"{'positive': 0.2629905641078949, 'negative': 0.16020172834396362, 'neutral': 0.5768077373504639}"
2013-07-01,0.12419891357421875,"{'positive': 0.3792691230773926, 'negative': 0.25507020950317383, 'neutral': 0.365660697221756}"
2013-09-01,0.3884771913290024,"{'positive': 0.4658205807209015, 'negative': 0.07734338939189911, 'neutral': 0.4568359851837158}"
2013-10-01,0.10284470021724701,"{'positive': 0.1999276727437973, 'negative': 0.09708297252655029, 'neutral': 0.7029893398284912}"
2013-12-01,0.3520728424191475,"{'positive': 0.45884013175964355, 'negative': 0.10676728934049606, 'neutral': 0.4343926012516022}"
2014-01-01,-0.20756618678569794,"{'positive': 0.1294514387845993, 'negative': 0.33701762557029724, 'neutral': 0.5335309505462646}"
2014-03-01,-0.06286847591400146,"{'positive': 0.17477993667125702, 'negative': 0.23764841258525848, 'neutral': 0.5875716805458069}"
2014-04-01,-0.252480149269104,"{'positive': 0.16941919922828674, 'negative': 0.42189934849739075, 'neutral': 0.4086814522743225}"
2014-06-01,0.21888357400894165,"{'positive': 0.3384714722633362, 'negative': 0.11958789825439453, 'neutral': 0.5419406294822693}"
2014-07-01,0.31066441535949707,"{'positive': 0.4524386525154114, 'negative': 0.1417742371559143, 'neutral': 0.4057871103286743}"
2014-09-01,0.02358052134513855,"{'positive': 0.15524516999721527, 'negative': 0.13166464865207672, 'neutral': 0.7130902409553528}"
2014-10-01,-0.15043368190526962,"{'positive': 0.07633859664201736, 'negative': 0.226772278547287, 'neutral': 0.6968891620635986}"
2014-12-01,-0.01466447114944458,"{'positive': 0.2802874743938446, 'negative': 0.2949519455432892, 'neutral': 0.4247605800628662}"
2015-01-01,0.030467987060546875,"{'positive': 0.21088199317455292, 'negative': 0.18041400611400604, 'neutral': 0.6087040305137634}"
2015-04-01,-0.21022282540798187,"{'positive': 0.1596383899450302, 'negative': 0.3698612153530121, 'neutral': 0.4705004096031189}"
2015-06-01,-0.2025589942932129,"{'positive': 0.1966961920261383, 'negative': 0.3992551863193512, 'neutral': 0.4040485918521881}"
2015-07-01,0.3315979763865471,"{'positive': 0.4437841773033142, 'negative': 0.11218620091676712, 'neutral': 0.44402962923049927}"
2015-09-01,-0.14582663774490356,"{'positive': 0.18708273768424988, 'negative': 0.33290937542915344, 'neutral': 0.4800078868865967}"
2015-10-01,-0.18145084381103516,"{'positive': 0.1751827895641327, 'negative': 0.35663363337516785, 'neutral': 0.46818357706069946}"
2015-12-01,0.18601486086845398,"{'positive': 0.32881614565849304, 'negative': 0.14280128479003906, 'neutral': 0.5283825397491455}"
2016-01-01,-0.40271779894828796,"{'positive': 0.08557155728340149, 'negative': 0.48828935623168945, 'neutral': 0.42613908648490906}"
2016-03-01,-0.22857363522052765,"{'positive': 0.13767744600772858, 'negative': 0.3662510812282562, 'neutral': 0.496071457862854}"
2016-04-01,0.1524192839860916,"{'positive': 0.23685266077518463, 'negative': 0.08443337678909302, 'neutral': 0.6787140369415283}"
2016-06-01,0.11885148286819458,"{'positive': 0.2582346200942993, 'negative': 0.13938313722610474, 'neutral': 0.602382242679596}"
2016-07-01,-0.04414252191781998,"{'positive': 0.11644027382135391, 'negative': 0.1605827957391739, 'neutral': 0.7229769229888916}"
2016-09-01,0.13747632503509521,"{'positive': 0.25149741768836975, 'negative': 0.11402109265327454, 'neutral': 0.6344814896583557}"
2016-10-01,0.03729243576526642,"{'positive': 0.19800522923469543, 'negative': 0.16071279346942902, 'neutral': 0.6412819623947144}"
2016-11-01,0.05590292811393738,"{'positive': 0.33822354674339294, 'negative': 0.28232061862945557, 'neutral': 0.3794558048248291}"
2017-01-01,0.06379150599241257,"{'positive': 0.18259914219379425, 'negative': 0.11880763620138168, 'neutral': 0.6985931992530823}"
2017-03-01,0.14975102245807648,"{'positive': 0.21804594993591309, 'negative': 0.06829492747783661, 'neutral': 0.7136591672897339}"
2017-04-01,0.25124264508485794,"{'positive': 0.3349283039569855, 'negative': 0.08368565887212753, 'neutral': 0.5813860297203064}"
2017-05-01,0.056893862783908844,"{'positive': 0.17011144757270813, 'negative': 0.11321758478879929, 'neutral': 0.7166709899902344}"
2017-07-01,0.1991502270102501,"{'positive': 0.2896188795566559, 'negative': 0.09046865254640579, 'neutral': 0.6199124455451965}"
2017-09-01,0.0005297064781188965,"{'positive': 0.15042515099048615, 'negative': 0.14989544451236725, 'neutral': 0.6996793746948242}"
2017-10-01,0.07325954735279083,"{'positive': 0.2064550369977951, 'negative': 0.13319548964500427, 'neutral': 0.660349428653717}"
2017-11-01,-0.05859433114528656,"{'positive': 0.17136725783348083, 'negative': 0.2299615889787674, 'neutral': 0.5986711978912354}"
2018-01-01,0.060799188911914825,"{'positive': 0.15624862909317017, 'negative': 0.09544944018125534, 'neutral': 0.7483019232749939}"
2018-03-01,0.09119364619255066,"{'positive': 0.19879817962646484, 'negative': 0.10760453343391418, 'neutral': 0.6935973167419434}"
2018-04-01,0.05119353532791138,"{'positive': 0.12959858775138855, 'negative': 0.07840505242347717, 'neutral': 0.7919963002204895}"
2018-05-01,0.2793567329645157,"{'positive': 0.3793787360191345, 'negative': 0.10002200305461884, 'neutral': 0.5205993056297302}"
2018-07-01,0.08946745842695236,"{'positive': 0.16937555372714996, 'negative': 0.0799080953001976, 'neutral': 0.7507163286209106}"
2018-09-01,0.10698668658733368,"{'positive': 0.17659112811088562, 'negative': 0.06960444152355194, 'neutral': 0.7538044452667236}"
2018-10-01,0.04757678508758545,"{'positive': 0.15128251910209656, 'negative': 0.10370573401451111, 'neutral': 0.7450117468833923}"
2018-12-01,0.20082344859838486,"{'positive': 0.26834672689437866, 'negative': 0.0675232782959938, 'neutral': 0.6641299724578857}"
2019-01-01,0.31697873771190643,"{'positive': 0.4814039468765259, 'negative': 0.16442520916461945, 'neutral': 0.35417088866233826}"
2019-03-01,0.0011705607175827026,"{'positive': 0.1444588452577591, 'negative': 0.1432882845401764, 'neutral': 0.7122528553009033}"
2019-04-01,0.03144925832748413,"{'positive': 0.13458651304244995, 'negative': 0.10313725471496582, 'neutral': 0.762276291847229}"
2019-06-01,0.061184562742710114,"{'positive': 0.15072958171367645, 'negative': 0.08954501897096634, 'neutral': 0.7597253918647766}"
2019-07-01,-0.24810729920864105,"{'positive': 0.11597059667110443, 'negative': 0.3640778958797455, 'neutral': 0.5199515223503113}"
2019-09-01,0.15449778735637665,"{'positive': 0.29229652881622314, 'negative': 0.1377987414598465, 'neutral': 0.5699046850204468}"
2019-10-01,0.04106619954109192,"{'positive': 0.3136984705924988, 'negative': 0.27263227105140686, 'neutral': 0.41366925835609436}"
2019-11-01,0.026921413838863373,"{'positive': 0.1435987800359726, 'negative': 0.11667736619710922, 'neutral': 0.7397239208221436}"
2020-01-01,-0.010270543396472931,"{'positive': 0.12166445702314377, 'negative': 0.1319350004196167, 'neutral': 0.7464005947113037}"
2020-03-01,-0.019435390830039978,"{'positive': 0.14864090085029602, 'negative': 0.168076291680336, 'neutral': 0.6832827925682068}"
2020-04-01,-0.9269011728465557,"{'positive': 0.012346196919679642, 'negative': 0.9392473697662354, 'neutral': 0.048406507819890976}"
2020-05-01,-0.8443996757268906,"{'positive': 0.025148704648017883, 'negative': 0.8695483803749084, 'neutral': 0.10530292242765427}"
2020-07-01,-0.45290154218673706,"{'positive': 0.07076174020767212, 'negative': 0.5236632823944092, 'neutral': 0.40557506680488586}"
2020-09-01,-0.08485768735408783,"{'positive': 0.15598799288272858, 'negative': 0.2408456802368164, 'neutral': 0.6031663417816162}"
2020-10-01,0.15533223748207092,"{'positive': 0.24460211396217346, 'negative': 0.08926987648010254, 'neutral': 0.6661280393600464}"
2020-12-01,-0.11174722015857697,"{'positive': 0.15390412509441376, 'negative': 0.2656513452529907, 'neutral': 0.5804445147514343}"
2021-01-01,-0.5238687545061111,"{'positive': 0.10391156375408173, 'negative': 0.6277803182601929, 'neutral': 0.2683080732822418}"
2021-03-01,-0.06622974574565887,"{'positive': 0.11905452609062195, 'negative': 0.18528427183628082, 'neutral': 0.695661187171936}"
2021-04-01,0.03845437616109848,"{'positive': 0.11209944635629654, 'negative': 0.07364507019519806, 'neutral': 0.8142554759979248}"
2021-06-01,0.1686634123325348,"{'positive': 0.2441217452287674, 'negative': 0.0754583328962326, 'neutral': 0.6804199814796448}"
2021-07-01,0.13118074089288712,"{'positive': 0.25444725155830383, 'negative': 0.12326651066541672, 'neutral': 0.6222862005233765}"
2021-09-01,0.06741694360971451,"{'positive': 0.1506205052137375, 'negative': 0.08320356160402298, 'neutral': 0.7661759257316589}"
2021-10-01,-0.03554674983024597,"{'positive': 0.1647404432296753, 'negative': 0.20028719305992126, 'neutral': 0.634972333908081}"
2021-12-01,0.14081190526485443,"{'positive': 0.23543699085712433, 'negative': 0.0946250855922699, 'neutral': 0.6699379086494446}"
2022-01-01,0.05103166401386261,"{'positive': 0.1996583640575409, 'negative': 0.14862670004367828, 'neutral': 0.6517149209976196}"
2022-03-01,-0.11580303311347961,"{'positive': 0.13864293694496155, 'negative': 0.25444597005844116, 'neutral': 0.6069111227989197}"
2022-04-01,0.15697113424539566,"{'positive': 0.2620031237602234, 'negative': 0.10503198951482773, 'neutral': 0.6329649090766907}"
2022-06-01,0.08325743675231934,"{'positive': 0.22635871171951294, 'negative': 0.1431012749671936, 'neutral': 0.6305399537086487}"
2022-07-01,-0.22225907444953918,"{'positive': 0.12690895795822144, 'negative': 0.3491680324077606, 'neutral': 0.5239229798316956}"
2022-09-01,-0.07209709286689758,"{'positive': 0.15316401422023773, 'negative': 0.22526110708713531, 'neutral': 0.621574878692627}"
2022-10-01,0.014176294207572937,"{'positive': 0.24994297325611115, 'negative': 0.2357666790485382, 'neutral': 0.5142903923988342}"
2022-11-01,-0.08407141268253326,"{'positive': 0.2124125212430954, 'negative': 0.29648393392562866, 'neutral': 0.4911035895347595}"
2023-01-01,-0.4912158399820328,"{'positive': 0.1321626752614975, 'negative': 0.6233785152435303, 'neutral': 0.24445873498916626}"
2023-03-01,0.23410159349441528,"{'positive': 0.3690004050731659, 'negative': 0.1348988115787506, 'neutral': 0.4961007833480835}"
2023-04-01,-0.2124079093337059,"{'positive': 0.1032615676522255, 'negative': 0.3156694769859314, 'neutral': 0.5810689330101013}"
2023-05-01,-0.04764286428689957,"{'positive': 0.10264938324689865, 'negative': 0.15029224753379822, 'neutral': 0.7470583915710449}"
2023-07-01,-0.6194019541144371,"{'positive': 0.06154672056436539, 'negative': 0.6809486746788025, 'neutral': 0.2575046420097351}"
2023-09-01,-0.07020983099937439,"{'positive': 0.151346817612648, 'negative': 0.2215566486120224, 'neutral': 0.6270965337753296}"
2023-10-01,-0.11738410592079163,"{'positive': 0.2516438066959381, 'negative': 0.36902791261672974, 'neutral': 0.37932834029197693}"
2023-11-01,-0.28808459639549255,"{'positive': 0.1342780888080597, 'negative': 0.42236268520355225, 'neutral': 0.4433591961860657}"
2024-01-01,0.12011218070983887,"{'positive': 0.25201690196990967, 'negative': 0.1319047212600708, 'neutral': 0.6160783767700195}"
2024-02-01,0.1182866245508194,"{'positive': 0.2851625084877014, 'negative': 0.16687588393688202, 'neutral': 0.5479615926742554}"
2024-04-01,-0.06382779777050018,"{'positive': 0.19540561735630035, 'negative': 0.25923341512680054, 'neutral': 0.5453609824180603}"
2024-05-01,0.12778566777706146,"{'positive': 0.24458256363868713, 'negative': 0.11679689586162567, 'neutral': 0.6386205554008484}"
2024-07-01,0.03323480486869812,"{'positive': 0.13647617399692535, 'negative': 0.10324136912822723, 'neutral': 0.7602825164794922}"
2024-08-01,-0.2744825631380081,"{'positive': 0.13396434485912323, 'negative': 0.40844690799713135, 'neutral': 0.45758873224258423}"
